unanimity,no_majority,absolute_majority,majority,2,1,4,3,average_false_ratio
0.5282430754415752,0.26213223182382606,0.20741998428828465,0.002204708446314082,0.47165555865284714,0.342540736423304,0.10663693266769722,0.07916677225615164,0.711523530817009
