no_majority,unanimity,absolute_majority,majority,2,1,4,3,average_false_ratio
0.5104787004890905,0.34897747142748536,0.1388966321177872,0.001647195965636958,0.44926763824821275,0.34146251814823664,0.11943836950728687,0.08983147409626376,0.712367069774981
